user_id,name,email,role
1,Jesse Marshall,linda25@example.net,student
2,Michael Williams,lambalexander@example.org,student
3,Chad Schultz,goodwinrobin@example.com,student
4,Denise Mack,reginafowler@example.org,student
5,Maurice Wright,roberta28@example.org,student
6,Melinda Martinez,qharvey@example.org,student
7,Matthew Lozano,nathan66@example.com,student
8,Bruce Short,nicole02@example.com,student
9,Jessica Vasquez,amyjensen@example.net,student
10,Victoria Johnson,zcaldwell@example.net,student
11,Jacqueline Carter,harryadams@example.net,student
12,Lori Kennedy,mejiarenee@example.com,student
13,Alejandra Thomas,turnermichael@example.com,student
14,Brianna Mckee,myersjoseph@example.net,student
15,Mrs. Anne Rhodes MD,davidbates@example.net,student
16,Travis Ruiz,amanda97@example.com,student
17,Daniel Wright,mhenderson@example.com,student
18,Crystal Floyd,gloriamartinez@example.org,student
19,Francis Mcknight,pcummings@example.net,student
20,Thomas Soto,ellisrobert@example.org,student
21,Kristin Wilson,jesus69@example.org,student
22,Michelle Lee,gwood@example.org,student
23,Alexis Brown,fuentesgregory@example.net,student
24,Brett Jacobson,moralesmary@example.com,student
25,Jonathan Ortiz,millerbryce@example.net,student
26,Jessica Burke,quinnmichelle@example.com,student
27,Terry Armstrong,amccullough@example.net,student
28,John Daniels,wbarrett@example.com,student
29,Joseph Evans,millerlaura@example.org,student
30,Darryl Fisher,bhodges@example.com,student
31,Cindy Taylor,klong@example.com,student
32,Robert Stephens,sbryant@example.net,student
33,Brandy Williams,iphillips@example.net,student
34,Brian Cain,wrightthomas@example.com,student
35,Suzanne Weber,lparsons@example.com,student
36,Michael Bryan,tjohnson@example.org,student
37,Samuel Gibson,garciamonica@example.org,student
38,Daniel Brooks,sarah61@example.com,student
39,Peter Acosta,victoria34@example.net,student
40,Ashley Owens,shelbygreene@example.org,student
41,John Garrett,swalker@example.org,student
42,Larry Mccullough,andreagarcia@example.net,student
43,Micheal Lawrence,timothyshelton@example.org,student
44,Justin Sullivan,michaelduncan@example.net,student
45,Spencer Hoover,stevenhuynh@example.org,student
46,Eric Young,michael57@example.com,student
47,Chase Smith,barranthony@example.com,student
48,Ashley Watkins,yjames@example.net,student
49,Ivan Bishop,phouse@example.com,student
50,Karen Carter,bwade@example.org,student
51,Derek Dixon,vcook@example.com,student
52,Ronnie Petersen,vegajustin@example.net,student
53,Ann Davis,hjones@example.org,student
54,Stephanie Brown,david73@example.org,student
55,Jeffrey Kennedy,ckent@example.net,student
56,Richard Lopez,christina86@example.org,student
57,Tyrone Perez,jaredmacias@example.net,student
58,Timothy Hernandez Jr.,showe@example.org,student
59,Katherine Simmons,johnsonsean@example.com,student
60,Madison Manning,ryanmartin@example.net,student
61,John Brown,josephrush@example.net,student
62,David Howell,vpatterson@example.net,student
63,Sherri Briggs,brian98@example.net,student
64,Jeffery Miller,sandersdanielle@example.org,student
65,Mark Graham,brownandrea@example.com,student
66,Austin Peterson,christine66@example.net,student
67,Cheryl Roberts,harrisonmarilyn@example.net,student
68,Anna Rodriguez,rebeccasmith@example.com,student
69,Daniel Green,jamesmedina@example.com,student
70,David Tanner,rgreen@example.com,student
71,Cory Henderson,leeveronica@example.org,student
72,Adam Mills,michaellee@example.org,student
73,Andrea Lee,glennwilliams@example.org,student
74,Paul Mcdowell,elizabethmiller@example.com,student
75,Marie Wilson,christinasmith@example.org,student
76,Kayla Lewis,lori27@example.org,student
77,Nicole Garcia,morrisonalicia@example.com,student
78,Cassandra Webb,gharris@example.com,student
79,John Morris,donna62@example.net,student
80,Richard Bowen,rosebilly@example.net,student
81,Raymond Mann,rachel28@example.com,student
82,Craig Taylor,melanie48@example.com,student
83,Austin Hurley,mckeekristie@example.org,student
84,Laura Beck,melanierodriguez@example.com,student
85,Kylie Dorsey,kcampbell@example.net,student
86,Jillian Francis,kenneth95@example.com,student
87,David Gonzalez,xbrooks@example.net,student
88,Sarah Wu,ksmith@example.net,student
89,George Jackson,brittanysosa@example.com,student
90,Ashley Ross,carlosclark@example.org,student
91,Hailey Ruiz,sking@example.net,student
92,Dawn Watkins,mooresamantha@example.org,student
93,Dalton Gilbert,stuartbrandon@example.com,student
94,Carolyn Romero,mchavez@example.com,student
95,Kayla Miranda,evanseric@example.com,student
96,Jennifer Gray DDS,xwheeler@example.net,student
97,Stephanie Miller,daniel84@example.com,student
98,Renee Moore,nflores@example.com,student
99,Jonathan Ritter,michaelcook@example.net,student
100,Daniel Torres,marcus08@example.org,student
101,Kimberly Sanchez,kleonard@example.net,student
102,Lori Bruce,melissasanders@example.net,student
103,Daniel Wood,michael10@example.org,student
104,Michael Crawford,qsutton@example.org,student
105,Katherine Mercado,chloe54@example.com,student
106,Lisa Estrada,mariashepherd@example.org,student
107,Deborah Byrd,whitelisa@example.net,student
108,Nicole Richardson,timothy72@example.com,student
109,Abigail Smith,kthomas@example.net,student
110,Richard Robertson,mcknightedward@example.org,student
111,Connor Martin,twarner@example.net,student
112,Sarah Dean,gomezjennifer@example.net,student
113,Erica Soto,uanderson@example.com,student
114,Dr. Ryan Cain,kylie59@example.org,student
115,Bonnie Hutchinson,aliciachase@example.org,student
116,Seth Reynolds,csantos@example.org,student
117,Eileen Butler,pattonstephen@example.org,student
118,Todd Taylor,fbrown@example.org,student
119,David Fields,michaelsmith@example.net,student
120,Dominic Smith,pachecojustin@example.net,student
121,Elizabeth Wilcox,kristinagutierrez@example.org,admin
122,Brenda Shepard,alvaradogeorge@example.net,admin
123,Dr. Tina Lowe MD,jennifer59@example.org,admin
124,Mark Murphy,kjarvis@example.com,admin
125,Sheila Simmons,shannonbuchanan@example.com,admin
126,Bernard Knight,christopherbarnes@example.com,admin
127,Maria Brown,wolfbrenda@example.com,admin
128,Mariah Gill,garyliu@example.net,admin
129,Jerry Bailey,kjohns@example.com,admin
130,Mr. Joshua Elliott,tfoster@example.net,admin
131,Jacob Coleman,jasmin69@example.org,admin
132,Beth Hamilton,cmathews@example.com,admin
133,James Lopez,jeffrey71@example.org,admin
134,Jennifer King,xmassey@example.com,admin
135,Sierra Smith,vjames@example.net,admin
136,Gregory Smith,mary55@example.com,admin
137,Mark Hernandez,wsanchez@example.com,admin
